<?xml version="1.0" encoding="UTF-8"?>
<project-private xmlns="http://www.netbeans.org/ns/project-private/1">
    <editor-bookmarks xmlns="http://www.netbeans.org/ns/editor-bookmarks/2" lastBookmarkId="0"/>
    <open-files xmlns="http://www.netbeans.org/ns/projectui-open-files/2">
        <group>
            <file>file:/D:/@FPT/@PRJ301/PE-Topics/Exercise/PE_PRJ301_EX/src/java/pe/controllers/MainController.java</file>
            <file>file:/D:/@FPT/@PRJ301/PE-Topics/Exercise/PE_PRJ301_EX/web/create.jsp</file>
            <file>file:/D:/@FPT/@PRJ301/PE-Topics/Exercise/PE_PRJ301_EX/web/employees.jsp</file>
            <file>file:/D:/@FPT/@PRJ301/PE-Topics/Exercise/PE_PRJ301_EX/web/login.jsp</file>
            <file>file:/D:/@FPT/@PRJ301/PE-Topics/Exercise/PE_PRJ301_EX/web/error.jsp</file>
        </group>
    </open-files>
</project-private>
